Model,RMSE,MAE,R2,MAPE
Linear Regression (Test),1.6119785686571074e-08,1.2425260306299444e-08,1.0,7.28064245276248e-14
Ridge (Test),7.283695936612709,5.660735381391574,0.9999999999995128,3.328401012041318e-05
Lasso (Test),35939.68318192526,21971.521039402225,0.9999881396103381,0.1267596910860708
Mean Baseline,10435819.869746294,8244167.54472432,-8.329274109986073e-06,49.15503634361789
Median Baseline,10684435.403874852,8042695.476287956,-0.04822285431582607,43.01395935605931
