Model,R2,RMSE,MAE,MAPE
XGBoost (Test),0.9997503757476807,164880.9308076589,93366.4609375,0.500884372740984
LightGBM (Test),0.9990051022937906,329165.24992044555,231098.4440906601,1.235263825193408
CatBoost (Test),0.9980360753947809,462473.83941930643,343589.7117929907,1.824107245826204
Random Forest (Test),0.9962643047541014,637838.1411487431,337219.2969361882,1.6893433905684467
