Method,R2,RMSE,Time (s)
Random Search,0.9997842311859131,153286.4332679184,114.81264630953473
Grid Search,0.9997695684432983,158421.2220127089,729.4592967033386
